index,c_score,b_score,feasible_flag,selected_flag
16,0.0,1341.4791,1,1
56,0.0,169.55518,0,0
87,0.0,138.40173,0,0
133,0.0,683.91547,1,1
321,0.0,704.8885,1,1
457,0.0,151.0029,0,0
489,0.0,1275.5356,1,1
824,0.0,2586.4336,1,1
952,0.0,273.11603,0,0
956,0.0,539.7085,0,0
1129,0.0,194.08347,0,0
1598,0.0,328.5442,0,0
1860,0.0,383.49036,0,0
1866,0.0,666.3178,1,1
1971,0.0,197.90665,0,0
1972,0.0,757.65686,1,1
2753,0.0,197.31207,0,0
2897,0.0,108.52211,0,0
2940,0.0,529.38416,0,0
3351,0.0,201.53586,0,0
3475,0.0,2792.753,1,1
3480,0.0,857.1675,1,1
3520,0.0,351.505,0,0
3632,0.0,522.5035,0,0
3818,0.0,1612.7957,1,1
3945,0.0,8.753939,0,0
4062,0.0,306.84305,0,0
4140,0.0,531.43335,0,0
4158,0.0,276.41028,0,0
4228,0.0,494.7249,0,0
4265,0.0,692.3539,1,1
4439,0.0,870.9137,1,1
4497,0.0,681.6614,1,1
4518,0.0,2649.812,1,1
4764,0.0,775.57764,1,1
4861,0.0,50.586945,0,0
5066,0.0,662.282,1,1
5122,0.0,167.52234,0,0
5154,0.0,1107.6824,1,1
5441,0.0,613.38,1,1
5618,0.0,517.87585,0,0
5733,0.0,683.23987,1,1
5739,0.0,573.78723,0,0
5744,0.0,1309.2502,1,1
5783,0.0,2005.6079,1,0
5815,0.0,122.00354,0,0
5912,0.0,913.53296,1,0
6184,0.0,459.61835,0,0
6272,0.0,667.12506,1,0
6363,0.0,796.0968,1,0
6392,0.0,443.5515,0,0
6467,0.0,1231.5363,1,0
6497,0.0,3310.773,1,0
6548,0.0,68.08302,0,0
6612,0.0,961.5714,1,0
6797,0.0,621.92334,1,0
6821,0.0,1538.5189,1,0
6863,0.0,557.9026,0,0
6899,0.0,722.6791,1,0
7168,0.0,323.46777,0,0
7260,0.0,4109.298,1,0
7272,0.0,312.54187,0,0
7273,0.0,1217.3296,1,0
7398,0.0,1631.6572,1,0
7467,0.0,4241.9697,1,0
7507,0.0,361.4317,0,0
7568,0.0,220.16655,0,0
7712,0.0,2235.9077,1,0
7732,0.0,372.97375,0,0
7825,0.0,296.71002,0,0
7858,0.0,874.31165,1,0
7932,0.0,456.0564,0,0
8159,0.0,317.0629,0,0
8407,0.0,431.13007,0,0
8448,0.0,720.3648,1,0
8459,0.0,2020.053,1,0
8581,0.0,824.71716,1,0
8687,0.0,20.343098,0,0
8733,0.0,630.2229,1,0
8758,0.0,2253.6953,1,0
8849,0.0,490.17834,0,0
9166,0.0,1050.0033,1,0
9305,0.0,309.80994,0,0
9373,0.0,180.19083,0,0
9380,0.0,521.3235,0,0
9827,0.0,762.2572,1,0
9831,0.0,1631.5564,1,0
10099,0.0,625.9477,1,0
10132,0.0,1430.3008,1,0
10155,0.0,140.57814,0,0
10167,0.0,85.63531,0,0
10213,0.0,853.8835,1,0
10226,0.0,981.84375,1,0
10237,0.0,82.48611,0,0
10577,0.0,606.98224,1,0
10636,0.0,620.13916,1,0
10656,0.0,659.5984,1,0
10771,0.0,639.7512,1,0
10938,0.0,508.45813,0,0
11033,0.0,814.0464,1,0
11038,0.0,307.16925,0,0
11065,0.0,292.52765,0,0
11076,0.0,418.6689,0,0
11083,0.0,1389.0481,1,0
11102,0.0,948.7996,1,0
11132,0.0,1456.5939,1,0
11178,0.0,322.58136,0,0
11197,0.0,611.2262,1,0
11282,0.0,1193.1731,1,0
11327,0.0,458.83533,0,0
11436,0.0,2290.9658,1,0
11476,0.0,1017.9794,1,0
11477,0.0,632.7544,1,0
11703,0.0,396.78595,0,0
11782,0.0,913.78864,1,0
11854,0.0,937.7434,1,0
11944,0.0,665.9732,1,0
12024,0.0,222.28822,0,0
12070,0.0,125.772995,0,0
12196,0.0,437.83588,0,0
12405,0.0,1056.0966,1,0
12497,0.0,156.75262,0,0
12517,0.0,843.0102,1,0
12563,0.0,1608.2904,1,0
12615,0.0,603.77014,0,0
12628,0.0,880.73694,1,0
12680,0.0,1851.2302,1,0
12879,0.0,71.16708,0,0
12980,0.0,258.6889,0,0
13021,0.0,56.8381,0,0
13197,0.0,277.78656,0,0
13242,0.0,3754.0215,1,0
13450,0.0,1884.4136,1,0
13546,0.0,608.6181,1,0
13625,0.0,2644.2407,1,0
13629,0.0,1269.913,1,0
13657,0.0,1007.53345,1,0
13879,0.0,594.3517,0,0
13958,0.0,982.03613,1,0
14293,0.0,85.53504,0,0
14316,0.0,657.6693,1,0
14326,0.0,2284.0435,1,0
14409,0.0,1732.165,1,0
14483,0.0,553.89465,0,0
14487,0.0,518.3654,0,0
14503,0.0,10.447161,0,0
14509,0.0,525.7633,0,0
14572,0.0,908.4458,1,0
14667,0.0,1162.1165,1,0
14787,0.0,213.47427,0,0
14831,0.0,2393.666,1,0
14835,0.0,1400.1375,1,0
14916,0.0,416.24164,0,0
15009,0.0,51.6886,0,0
15013,0.0,328.2766,0,0
15045,0.0,1872.915,1,0
15159,0.0,1423.5823,1,0
15171,0.0,282.74652,0,0
15208,0.0,466.54047,0,0
15260,0.0,632.8318,1,0
15301,0.0,34.980896,0,0
15326,0.0,2056.352,1,0
15810,0.0,281.97986,0,0
15952,0.0,294.6571,0,0
15986,0.0,384.59515,0,0
15992,0.0,568.8139,0,0
16046,0.0,1586.0406,1,0
16160,0.0,856.0646,1,0
16273,0.0,727.5217,1,0
16340,0.0,422.35242,0,0
16345,0.0,180.97137,0,0
16367,0.0,25.945362,0,0
16392,0.0,2091.8022,1,0
16475,0.0,773.48114,1,0
16507,0.0,92.53931,0,0
16645,0.0,1823.2767,1,0
16675,0.0,8.855084,0,0
16705,0.0,797.94684,1,0
16756,0.0,228.64679,0,0
16840,0.0,17.903118,0,0
16843,0.0,903.423,1,0
16930,0.0,519.8795,0,0
16986,0.0,903.42737,1,0
17168,0.0,3727.4954,1,0
17382,0.0,452.93512,0,0
17425,0.0,48.65849,0,0
17441,0.0,2967.3252,1,0
17495,0.0,346.714,0,0
17665,0.0,2552.1567,1,0
17738,0.0,112.12963,0,0
17755,0.0,3445.8843,1,0
17954,0.0,58.11308,0,0
17993,0.0,490.39056,0,0
18004,0.0,494.97668,0,0
18049,0.0,415.85944,0,0
18164,0.0,578.6626,0,0
18252,0.0,2529.5837,1,0
18266,0.0,1584.8148,1,0
18284,0.0,925.4597,1,0
18336,0.0,204.65979,0,0
18455,0.0,2193.0625,1,0
18541,0.0,983.1874,1,0
18589,0.0,281.1642,0,0
18688,0.0,689.35925,1,0
18746,0.0,54.602955,0,0
18861,0.0,1039.2257,1,0
18903,0.0,2317.5623,1,0
19709,0.0,2022.2017,1,0
19754,0.0,435.73114,0,0
19776,0.0,1775.4933,1,0
19972,0.0,162.14235,0,0
20171,0.0,301.90802,0,0
20216,0.0,1285.6106,1,0
20246,0.0,662.3483,1,0
20409,0.0,179.27411,0,0
20550,0.0,369.16693,0,0
20575,0.0,448.25488,0,0
20771,0.0,399.57544,0,0
20889,0.0,515.38696,0,0
20902,0.0,117.26105,0,0
20910,0.0,1338.2571,1,0
21037,0.0,511.66193,0,0
21088,0.0,245.58621,0,0
21090,0.0,821.84204,1,0
21165,0.0,820.0106,1,0
21195,0.0,750.7024,1,0
21197,0.0,771.6095,1,0
21210,0.0,1953.388,1,0
21297,0.0,613.8612,1,0
21359,0.0,91.953285,0,0
21413,0.0,64.08995,0,0
21432,0.0,184.45302,0,0
21462,0.0,2448.4126,1,0
21523,0.0,1165.5848,1,0
21810,0.0,899.7125,1,0
22137,0.0,529.2683,0,0
22161,0.0,1249.8577,1,0
22163,0.0,967.1482,1,0
22256,0.0,819.61,1,0
22415,0.0,1198.5159,1,0
22771,0.0,1635.8846,1,0
22809,0.0,302.91547,0,0
22922,0.0,3077.584,1,0
22999,0.0,160.30118,0,0
23030,0.0,1253.7755,1,0
23147,0.0,149.13943,0,0
23175,0.0,519.53644,0,0
23178,0.0,396.59006,0,0
23189,0.0,1481.0233,1,0
23225,0.0,2039.4038,1,0
23260,0.0,9.369322,0,0
23279,0.0,456.6286,0,0
23324,0.0,162.06726,0,0
23592,0.0,3452.3574,1,0
23718,0.0,841.686,1,0
23728,0.0,98.0904,0,0
23762,0.0,191.74591,0,0
23828,0.0,508.18335,0,0
23956,0.0,169.45581,0,0
23987,0.0,667.333,1,0
24043,0.0,2935.1328,1,0
24050,0.0,807.83093,1,0
24055,0.0,891.6052,1,0
24361,0.0,1517.749,1,0
24598,0.0,1050.801,1,0
24660,0.0,689.2864,1,0
24726,0.0,1672.439,1,0
24761,0.0,576.2716,0,0
24793,0.0,256.58585,0,0
24805,0.0,1487.5209,1,0
24874,0.0,502.47546,0,0
24939,0.0,274.40588,0,0
24979,0.0,215.35036,0,0
25052,0.0,507.74384,0,0
25104,0.0,1095.8958,1,0
25297,0.0,1074.5591,1,0
25313,0.0,720.9005,1,0
25533,0.0,1233.732,1,0
25615,0.0,279.7337,0,0
25868,0.0,1440.0624,1,0
25895,0.0,339.11893,0,0
25924,0.0,1357.7346,1,0
26124,0.0,3334.2527,1,0
26143,0.0,888.32324,1,0
26179,0.0,196.20844,0,0
26379,0.0,246.38275,0,0
26411,0.0,474.87393,0,0
26464,0.0,73.37955,0,0
26465,0.0,1892.1589,1,0
26722,0.0,495.00714,0,0
26872,0.0,130.45143,0,0
26938,0.0,1512.6495,1,0
26991,0.0,63.343353,0,0
27079,0.0,257.77844,0,0
27160,0.0,1225.4639,1,0
27307,0.0,877.1271,1,0
27447,0.0,1259.8958,1,0
27490,0.0,418.5945,0,0
27528,0.0,2008.5059,1,0
27759,0.0,614.68335,1,0
27809,0.0,1596.6746,1,0
27824,0.0,2208.3662,1,0
27914,0.0,175.17981,0,0
28220,0.0,948.48956,1,0
28420,0.0,383.98303,0,0
28499,0.0,558.01074,0,0
28799,0.0,3.0180953,0,0
29060,0.0,182.733,0,0
29073,0.0,1157.2024,1,0
29217,0.0,801.281,1,0
29258,0.0,545.6045,0,0
29294,0.0,823.7919,1,0
29330,0.0,735.65234,1,0
29440,0.0,1543.3528,1,0
29475,0.0,1777.5579,1,0
29480,0.0,116.03225,0,0
29497,0.0,813.4829,1,0
29586,0.0,1436.9082,1,0
29620,0.0,1922.6857,1,0
29638,0.0,423.5467,0,0
29657,0.0,200.13254,0,0
29681,0.0,354.96005,0,0
29702,0.0,197.32797,0,0
29717,0.0,907.235,1,0
29815,0.0,481.5406,0,0
29837,0.0,466.77512,0,0
30028,0.0,1276.2191,1,0
30082,0.0,1126.8547,1,0
30128,0.0,675.78015,1,0
30379,0.0,411.01562,0,0
30420,0.0,1997.6572,1,0
30426,0.0,798.2886,1,0
30517,0.0,165.62416,0,0
30534,0.0,3714.126,1,0
30566,0.0,276.70963,0,0
30602,0.0,731.2134,1,0
30737,0.0,902.84155,1,0
30779,0.0,844.5925,1,0
30922,0.0,1279.2932,1,0
31092,0.0,320.83118,0,0
31355,0.0,321.5315,0,0
31987,0.0,1673.2191,1,0
32002,0.0,301.8111,0,0
32079,0.0,2149.0083,1,0
32318,0.0,526.14954,0,0
32319,0.0,1230.6102,1,0
32371,0.0,819.2308,1,0
32636,0.0,314.68942,0,0
32719,0.0,5.8861675,0,0
32782,0.0,160.67535,0,0
32799,0.0,56.470654,0,0
32814,0.0,114.96699,0,0
32950,0.0,280.7729,0,0
33089,0.0,184.58514,0,0
33220,0.0,527.45355,0,0
33396,0.0,968.4526,1,0
33435,0.0,207.68143,0,0
33481,0.0,270.68683,0,0
33542,0.0,620.37427,1,0
33548,0.0,1661.427,1,0
33761,0.0,625.1139,1,0
33854,0.0,795.3243,1,0
33977,0.0,1323.2085,1,0
33990,0.0,382.2444,0,0
34120,0.0,338.63934,0,0
34184,0.0,705.0322,1,0
34227,0.0,1944.6082,1,0
34279,0.0,718.848,1,0
34312,0.0,376.5003,0,0
34572,0.0,862.9502,1,0
34652,0.0,2261.1606,1,0
34765,0.0,25.178349,0,0
34922,0.0,820.76917,1,0
34998,0.0,545.59705,0,0
35117,0.0,91.893135,0,0
35371,0.0,119.21065,0,0
35374,0.0,747.9155,1,0
35458,0.0,254.74265,0,0
35496,0.0,828.07166,1,0
35565,0.0,171.33652,0,0
35638,0.0,937.8618,1,0
35732,0.0,243.87573,0,0
35737,0.0,843.1122,1,0
35844,0.0,1028.7539,1,0
35881,0.0,1372.1669,1,0
35889,0.0,590.9468,0,0
35903,0.0,462.58804,0,0
36180,0.0,442.08002,0,0
36418,0.0,674.18036,1,0
36501,0.0,413.0184,0,0
36598,0.0,23.492561,0,0
36748,0.0,1733.8538,1,0
36873,0.0,128.2823,0,0
36924,0.0,812.4617,1,0
36927,0.0,1663.1545,1,0
36966,0.0,2187.8152,1,0
36984,0.0,276.90628,0,0
37387,0.0,779.7927,1,0
37425,0.0,853.2473,1,0
37575,0.0,1828.5349,1,0
37616,0.0,313.96198,0,0
37754,0.0,1184.8695,1,0
38015,0.0,297.08783,0,0
38099,0.0,2255.2476,1,0
38176,0.0,94.78546,0,0
38184,0.0,355.59558,0,0
38218,0.0,188.10423,0,0
38283,0.0,262.1987,0,0
38373,0.0,630.98145,1,0
38383,0.0,497.09125,0,0
38726,0.0,1136.3708,1,0
38781,0.0,695.55273,1,0
38893,0.0,612.46936,1,0
38895,0.0,126.12602,0,0
38993,0.0,485.203,0,0
39281,0.0,195.30447,0,0
39430,0.0,399.65158,0,0
39586,0.0,1777.674,1,0
39644,0.0,732.29346,1,0
39736,0.0,1192.9635,1,0
39780,0.0,555.3832,0,0
40001,0.0,963.74396,1,0
40090,0.0,493.27362,0,0
40193,0.0,348.43494,0,0
40435,0.0,453.2594,0,0
40483,0.0,363.7052,0,0
40596,0.0,458.6147,0,0
40616,0.0,632.51074,1,0
40743,0.0,332.40002,0,0
40767,0.0,155.91595,0,0
40890,0.0,2807.7168,1,0
41032,0.0,944.7163,1,0
41234,0.0,4832.119,1,0
41251,0.0,1371.6709,1,0
41262,0.0,38.695435,0,0
41490,0.0,781.8096,1,0
41856,0.0,219.62326,0,0
41939,0.0,332.47675,0,0
42062,0.0,390.2827,0,0
42145,0.0,516.1351,0,0
42269,0.0,417.61755,0,0
42872,0.0,615.967,1,0
42938,0.0,188.15738,0,0
43095,0.0,472.80215,0,0
43142,0.0,2614.296,1,0
43257,0.0,573.0735,0,0
43281,0.0,3141.412,1,0
43402,0.0,564.22595,0,0
43446,0.0,1064.692,1,0
43519,0.0,516.62823,0,0
43574,0.0,203.86197,0,0
43591,0.0,2037.0017,1,0
43860,0.0,544.4319,0,0
43963,0.0,62.75561,0,0
44041,0.0,120.05256,0,0
44151,0.0,7.074134,0,0
44170,0.0,2540.2761,1,0
44201,0.0,437.406,0,0
44301,0.0,1297.5798,1,0
44359,0.0,382.15817,0,0
44412,0.0,1626.3186,1,0
44443,0.0,1563.8018,1,0
44469,0.0,13.346053,0,0
44497,0.0,535.30176,0,0
44509,0.0,1839.9127,1,0
44774,0.0,2007.653,1,0
44808,0.0,895.3407,1,0
44917,0.0,1254.5325,1,0
44942,0.0,500.94128,0,0
45231,0.0,791.3771,1,0
45471,0.0,389.3876,0,0
45718,0.0,2652.3916,1,0
45745,0.0,1068.9656,1,0
45812,0.0,289.86322,0,0
45879,0.0,2063.2563,1,0
45893,0.0,1300.9823,1,0
45941,0.0,194.83957,0,0
46026,0.0,1175.2214,1,0
46120,0.0,961.8219,1,0
46123,0.0,691.8738,1,0
46143,0.0,251.10022,0,0
46236,0.0,445.4839,0,0
46344,0.0,61.06914,0,0
46465,0.0,599.87866,0,0
46490,0.0,102.422676,0,0
46525,0.0,315.08337,0,0
46580,0.0,778.4988,1,0
46894,0.0,995.67584,1,0
46896,0.0,242.33249,0,0
46968,0.0,308.38226,0,0
46988,0.0,202.4599,0,0
47151,0.0,98.2194,0,0
47535,0.0,294.53668,0,0
47565,0.0,550.24524,0,0
47860,0.0,112.37117,0,0
47881,0.0,450.98254,0,0
47945,0.0,437.92322,0,0
47974,0.0,45.433388,0,0
48649,0.0,217.07703,0,0
48678,0.0,804.6018,1,0
48749,0.0,292.3823,0,0
48896,0.0,613.90985,1,0
48966,0.0,1291.743,1,0
48974,0.0,342.6408,0,0
49103,0.0,139.48676,0,0
49169,0.0,1453.7563,1,0
49194,0.0,1185.2998,1,0
49292,0.0,834.12866,1,0
49302,0.0,147.89178,0,0
49412,0.0,485.7459,0,0
49551,0.0,145.1178,0,0
49597,0.0,687.98535,1,0
